{"lastDeploymentHandler":"com.amazonaws.lambda.LambdaFunctionHandler","lastInvokeHandler":"com.amazonaws.lambda.LambdaFunctionHandler","handlerMetadata":{"com.amazonaws.lambda.LambdaFunctionHandler":{"deployment":{"regionId":"us-east-1","awsLambdaFunctionName":"s3eventlambda","awsIamRoleName":"lambda_basic_execution","awsS3BucketName":"my-first-s3-bucket-aaae1eae-6100-4463-bd56-2930beaf9230","memory":0,"timeout":0},"invoke":{"selectJsonFile":false,"invokeJsonFile":"\\AWSLambda\\src\\test\\resources\\s3-event.put.json","selectJsonInput":true,"invokeInput":"{\r\n  \"Records\": [\r\n    {\r\n      \"eventVersion\": \"2.0\",\r\n      \"eventSource\": \"aws:s3\",\r\n      \"awsRegion\": \"us-east-1\",\r\n      \"eventTime\": \"1970-01-01T00:00:00.000Z\",\r\n      \"eventName\": \"ObjectCreated:Put\",\r\n      \"userIdentity\": {\r\n        \"principalId\": \"EXAMPLE\"\r\n      },\r\n      \"requestParameters\": {\r\n        \"sourceIPAddress\": \"127.0.0.1\"\r\n      },\r\n      \"responseElements\": {\r\n        \"x-amz-request-id\": \"C3D13FE58DE4C810\",\r\n        \"x-amz-id-2\": \"FMyUVURIY8/IgAtTv8xRjskZQpcIZ9KG4V5Wp6S7S/JRWeUWerMUE5JgHvANOjpD\"\r\n      },\r\n      \"s3\": {\r\n        \"s3SchemaVersion\": \"1.0\",\r\n        \"configurationId\": \"testConfigRule\",\r\n        \"bucket\": {\r\n          \"name\": \"sourcebucket\",\r\n          \"ownerIdentity\": {\r\n            \"principalId\": \"EXAMPLE\"\r\n          },\r\n          \"arn\": \"arn:aws:s3:::mybucket\"\r\n        },\r\n        \"object\": {\r\n          \"key\": \"HappyFace.jpg\",\r\n          \"size\": 1024,\r\n          \"eTag\": \"d41d8cd98f00b204e9800998ecf8427e\"\r\n        }\r\n      }\r\n    }\r\n  ]\r\n}","showLiveLog":true}}},"lastInvokedHandlerDeployed":true}